UserID,디스플레이,상태,자세,방향,개수
001,Laptop,rgb,D,C,96
001,Laptop,rgb,D,D,93
001,Laptop,rgb,D,E,88
001,Laptop,rgb,D,F,96
001,Laptop,rgb,D,T,112
001,Laptop,rgb,D,U,94
001,Monitor,rgb,D,C,88
001,Monitor,rgb,D,D,91
001,Monitor,rgb,D,E,72
001,Monitor,rgb,D,S,91
001,Monitor,rgb,D,U,83
002,Laptop,rgb,D,C,108
002,Laptop,rgb,D,D,98
002,Laptop,rgb,D,E,106
002,Laptop,rgb,D,F,102
002,Laptop,rgb,D,T,88
002,Laptop,rgb,D,U,91
002,Monitor,rgb,D,C,95
002,Monitor,rgb,D,D,78
002,Monitor,rgb,D,E,84
002,Monitor,rgb,D,S,98
002,Monitor,rgb,D,U,100
003,Laptop,rgb,D,C,93
003,Laptop,rgb,D,D,95
003,Laptop,rgb,D,E,82
003,Laptop,rgb,D,F,95
003,Laptop,rgb,D,S,102
003,Laptop,rgb,D,U,47
003,Monitor,rgb,D,C,79
003,Monitor,rgb,D,D,89
003,Monitor,rgb,D,E,105
003,Monitor,rgb,D,S,72
003,Monitor,rgb,D,U,96
004,Laptop,rgb,D,C,89
004,Laptop,rgb,D,D,102
004,Laptop,rgb,D,E,94
004,Laptop,rgb,D,L,90
004,Laptop,rgb,D,S,60
004,Laptop,rgb,D,U,77
004,Monitor,rgb,D,C,88
004,Monitor,rgb,D,D,91
004,Monitor,rgb,D,E,87
004,Monitor,rgb,D,S,100
004,Monitor,rgb,D,U,54
005,Laptop,rgb,D,C,97
005,Laptop,rgb,D,D,92
005,Laptop,rgb,D,E,81
005,Laptop,rgb,D,F,90
005,Laptop,rgb,D,T,87
005,Laptop,rgb,D,U,63
005,Monitor,rgb,D,C,97
005,Monitor,rgb,D,D,73
005,Monitor,rgb,D,E,97
005,Monitor,rgb,D,S,102
005,Monitor,rgb,D,U,84
006,Laptop,rgb,D,C,100
006,Laptop,rgb,D,D,94
006,Laptop,rgb,D,E,98
006,Laptop,rgb,D,F,97
006,Laptop,rgb,D,T,110
006,Laptop,rgb,D,U,32
006,Monitor,rgb,D,C,105
006,Monitor,rgb,D,D,84
006,Monitor,rgb,D,E,85
006,Monitor,rgb,D,S,86
006,Monitor,rgb,D,U,75
007,Laptop,rgb,D,C,97
007,Laptop,rgb,D,D,93
007,Laptop,rgb,D,E,105
007,Laptop,rgb,D,F,104
007,Laptop,rgb,D,T,110
007,Laptop,rgb,D,U,92
007,Monitor,rgb,D,C,88
007,Monitor,rgb,D,D,83
007,Monitor,rgb,D,E,77
007,Monitor,rgb,D,S,85
007,Monitor,rgb,D,U,62
008,Laptop,rgb,D,C,38
008,Laptop,rgb,D,D,8
008,Laptop,rgb,D,F,85
008,Laptop,rgb,D,T,56
008,Laptop,rgb,D,E,14
008,Monitor,rgb,D,C,89
008,Monitor,rgb,D,D,78
008,Monitor,rgb,D,E,80
008,Monitor,rgb,D,S,84
008,Monitor,rgb,D,U,66
009,Laptop,rgb,D,C,89
009,Laptop,rgb,D,D,98
009,Laptop,rgb,D,E,94
009,Laptop,rgb,D,F,100
009,Laptop,rgb,D,T,108
009,Laptop,rgb,D,U,98
009,Monitor,rgb,D,C,78
009,Monitor,rgb,D,D,91
009,Monitor,rgb,D,E,102
009,Monitor,rgb,D,S,100
009,Monitor,rgb,D,U,80
010,Laptop,rgb,D,C,99
010,Laptop,rgb,D,D,100
010,Laptop,rgb,D,E,97
010,Laptop,rgb,D,F,87
010,Laptop,rgb,D,T,100
010,Laptop,rgb,D,U,91
010,Monitor,rgb,D,C,82
010,Monitor,rgb,D,D,85
010,Monitor,rgb,D,E,90
010,Monitor,rgb,D,S,92
010,Monitor,rgb,D,U,86
011,Laptop,rgb,D,C,92
011,Laptop,rgb,D,D,92
011,Laptop,rgb,D,E,84
011,Laptop,rgb,D,F,80
011,Laptop,rgb,D,U,87
011,Monitor,rgb,D,C,68
011,Monitor,rgb,D,D,75
011,Monitor,rgb,D,E,78
011,Monitor,rgb,D,S,88
011,Monitor,rgb,D,U,79
012,Laptop,rgb,D,C,80
012,Laptop,rgb,D,D,75
012,Laptop,rgb,D,E,84
012,Laptop,rgb,D,F,69
012,Laptop,rgb,D,U,83
012,Monitor,rgb,D,C,85
012,Monitor,rgb,D,D,64
012,Monitor,rgb,D,E,78
012,Monitor,rgb,D,S,85
012,Monitor,rgb,D,U,81
013,Laptop,rgb,D,C,95
013,Laptop,rgb,D,D,91
013,Laptop,rgb,D,E,89
013,Laptop,rgb,D,F,95
013,Laptop,rgb,D,T,95
013,Laptop,rgb,D,U,91
013,Monitor,rgb,D,D,81
013,Monitor,rgb,D,E,70
013,Monitor,rgb,D,S,88
013,Monitor,rgb,D,U,63
013,Monitor,rgb,D,C,53
014,Laptop,rgb,D,F,96
014,Laptop,rgb,D,T,8
014,Monitor,rgb,D,C,79
014,Monitor,rgb,D,D,68
014,Monitor,rgb,D,E,58
014,Monitor,rgb,D,S,73
014,Monitor,rgb,D,U,74
015,Laptop,rgb,D,F,87
015,Monitor,rgb,D,C,74
015,Monitor,rgb,D,E,76
015,Monitor,rgb,D,U,20
016,Laptop,rgb,D,C,90
016,Laptop,rgb,D,D,98
016,Laptop,rgb,D,E,78
016,Laptop,rgb,D,F,70
016,Laptop,rgb,D,T,87
016,Laptop,rgb,D,U,98
016,Monitor,rgb,D,C,75
016,Monitor,rgb,D,D,83
016,Monitor,rgb,D,E,79
016,Monitor,rgb,D,S,80
016,Monitor,rgb,D,U,78
017,Laptop,rgb,D,C,71
017,Laptop,rgb,D,D,58
017,Laptop,rgb,D,E,70
017,Laptop,rgb,D,F,80
017,Laptop,rgb,D,T,66
017,Laptop,rgb,D,U,58
017,Monitor,rgb,D,C,75
017,Monitor,rgb,D,D,82
017,Monitor,rgb,D,E,79
017,Monitor,rgb,D,S,71
017,Monitor,rgb,D,U,83
018,Laptop,rgb,D,C,90
018,Laptop,rgb,D,D,99
018,Laptop,rgb,D,E,78
018,Laptop,rgb,D,F,82
018,Laptop,rgb,D,T,95
018,Laptop,rgb,D,U,95
018,Monitor,rgb,D,C,75
018,Monitor,rgb,D,D,80
018,Monitor,rgb,D,E,71
018,Monitor,rgb,D,S,80
018,Monitor,rgb,D,U,89
019,Laptop,rgb,D,C,85
019,Laptop,rgb,D,D,100
019,Laptop,rgb,D,E,68
019,Laptop,rgb,D,F,79
019,Laptop,rgb,D,T,87
019,Laptop,rgb,D,U,46
019,Monitor,rgb,D,C,79
019,Monitor,rgb,D,D,67
019,Monitor,rgb,D,E,84
019,Monitor,rgb,D,S,77
019,Monitor,rgb,D,U,88
020,Laptop,rgb,D,C,85
020,Laptop,rgb,D,D,85
020,Laptop,rgb,D,E,72
020,Laptop,rgb,D,F,84
020,Laptop,rgb,D,T,85
020,Laptop,rgb,D,U,80
020,Monitor,rgb,D,C,54
020,Monitor,rgb,D,D,76
020,Monitor,rgb,D,E,78
020,Monitor,rgb,D,S,93
020,Monitor,rgb,D,U,81
021,Laptop,rgb,D,C,93
021,Laptop,rgb,D,D,89
021,Laptop,rgb,D,E,99
021,Laptop,rgb,D,F,93
021,Laptop,rgb,D,T,115
021,Laptop,rgb,D,U,85
021,Monitor,rgb,D,C,79
021,Monitor,rgb,D,D,71
021,Monitor,rgb,D,E,85
021,Monitor,rgb,D,S,69
021,Monitor,rgb,D,U,70
022,Laptop,rgb,D,C,83
022,Laptop,rgb,D,D,88
022,Laptop,rgb,D,E,76
022,Laptop,rgb,D,F,73
022,Laptop,rgb,D,T,88
022,Laptop,rgb,D,U,92
022,Monitor,rgb,D,C,78
022,Monitor,rgb,D,D,74
022,Monitor,rgb,D,E,75
022,Monitor,rgb,D,S,76
022,Monitor,rgb,D,U,92
023,Laptop,rgb,D,D,48
023,Laptop,rgb,D,E,51
023,Laptop,rgb,D,F,84
023,Laptop,rgb,D,T,42
023,Laptop,rgb,D,U,21
023,Monitor,rgb,D,C,93
023,Monitor,rgb,D,D,77
023,Monitor,rgb,D,E,41
023,Monitor,rgb,D,S,76
023,Monitor,rgb,D,U,58
024,Laptop,rgb,D,C,43
024,Laptop,rgb,D,F,84
024,Laptop,rgb,D,D,23
024,Monitor,rgb,D,C,76
024,Monitor,rgb,D,D,77
024,Monitor,rgb,D,E,94
024,Monitor,rgb,D,S,69
024,Monitor,rgb,D,U,75
025,Laptop,rgb,D,C,30
025,Laptop,rgb,D,D,48
025,Laptop,rgb,D,F,83
025,Laptop,rgb,D,T,59
025,Laptop,rgb,D,U,22
025,Monitor,rgb,D,C,84
025,Monitor,rgb,D,D,80
025,Monitor,rgb,D,E,78
025,Monitor,rgb,D,S,66
025,Monitor,rgb,D,U,83
026,Laptop,rgb,D,C,94
026,Laptop,rgb,D,D,89
026,Laptop,rgb,D,E,86
026,Laptop,rgb,D,F,98
026,Laptop,rgb,D,T,81
026,Laptop,rgb,D,U,84
026,Monitor,rgb,D,C,77
026,Monitor,rgb,D,D,96
026,Monitor,rgb,D,E,78
026,Monitor,rgb,D,S,74
026,Monitor,rgb,D,U,83
027,Laptop,rgb,D,C,64
027,Laptop,rgb,D,D,57
027,Laptop,rgb,D,E,33
027,Laptop,rgb,D,F,87
027,Laptop,rgb,D,T,58
027,Laptop,rgb,D,U,68
027,Monitor,rgb,D,C,66
027,Monitor,rgb,D,D,46
027,Monitor,rgb,D,E,41
027,Monitor,rgb,D,S,63
027,Monitor,rgb,D,U,68
028,Laptop,rgb,D,C,69
028,Laptop,rgb,D,D,94
028,Laptop,rgb,D,E,103
028,Laptop,rgb,D,F,105
028,Laptop,rgb,D,T,79
028,Laptop,rgb,D,U,99
028,Monitor,rgb,D,C,80
028,Monitor,rgb,D,D,73
028,Monitor,rgb,D,E,82
028,Monitor,rgb,D,S,77
028,Monitor,rgb,D,U,91
029,Laptop,rgb,D,C,83
029,Laptop,rgb,D,D,93
029,Laptop,rgb,D,E,94
029,Laptop,rgb,D,F,100
029,Laptop,rgb,D,T,85
029,Laptop,rgb,D,U,94
029,Monitor,rgb,D,C,79
029,Monitor,rgb,D,D,82
029,Monitor,rgb,D,E,81
029,Monitor,rgb,D,S,84
029,Monitor,rgb,D,U,65
030,Laptop,rgb,D,C,88
030,Laptop,rgb,D,D,69
030,Laptop,rgb,D,E,86
030,Laptop,rgb,D,F,93
030,Laptop,rgb,D,T,85
030,Laptop,rgb,D,U,83
030,Monitor,rgb,D,C,70
030,Monitor,rgb,D,D,76
030,Monitor,rgb,D,E,65
030,Monitor,rgb,D,S,77
030,Monitor,rgb,D,U,68
031,Laptop,rgb,D,C,99
031,Laptop,rgb,D,D,101
031,Laptop,rgb,D,E,92
031,Laptop,rgb,D,F,96
031,Laptop,rgb,D,T,93
031,Laptop,rgb,D,U,81
031,Monitor,rgb,D,C,70
031,Monitor,rgb,D,D,82
031,Monitor,rgb,D,E,80
031,Monitor,rgb,D,S,71
031,Monitor,rgb,D,U,71
032,Laptop,rgb,D,C,106
032,Laptop,rgb,D,D,79
032,Laptop,rgb,D,E,90
032,Laptop,rgb,D,F,99
032,Laptop,rgb,D,T,95
032,Laptop,rgb,D,U,92
032,Monitor,rgb,D,C,83
032,Monitor,rgb,D,D,73
032,Monitor,rgb,D,E,86
032,Monitor,rgb,D,S,87
032,Monitor,rgb,D,U,85
033,Laptop,rgb,D,C,82
033,Laptop,rgb,D,D,84
033,Laptop,rgb,D,E,93
033,Laptop,rgb,D,F,96
033,Laptop,rgb,D,T,101
033,Laptop,rgb,D,U,86
033,Monitor,rgb,D,C,71
033,Monitor,rgb,D,D,79
033,Monitor,rgb,D,E,81
033,Monitor,rgb,D,U,72
033,Monitor,rgb,D,S,9
034,Laptop,rgb,D,C,74
034,Laptop,rgb,D,D,84
034,Laptop,rgb,D,E,79
034,Laptop,rgb,D,F,90
034,Laptop,rgb,D,T,87
034,Laptop,rgb,D,U,86
034,Monitor,rgb,D,C,74
034,Monitor,rgb,D,D,68
034,Monitor,rgb,D,E,68
034,Monitor,rgb,D,S,76
034,Monitor,rgb,D,U,77
035,Laptop,rgb,D,C,82
035,Laptop,rgb,D,D,93
035,Laptop,rgb,D,E,84
035,Laptop,rgb,D,F,100
035,Laptop,rgb,D,T,87
035,Laptop,rgb,D,U,98
035,Monitor,rgb,D,C,84
035,Monitor,rgb,D,D,85
035,Monitor,rgb,D,E,62
035,Monitor,rgb,D,S,88
035,Monitor,rgb,D,U,86
036,Laptop,rgb,D,C,82
036,Laptop,rgb,D,D,84
036,Laptop,rgb,D,E,91
036,Laptop,rgb,D,F,89
036,Laptop,rgb,D,T,88
036,Laptop,rgb,D,U,93
036,Monitor,rgb,D,C,84
036,Monitor,rgb,D,D,61
036,Monitor,rgb,D,E,87
036,Monitor,rgb,D,S,79
036,Monitor,rgb,D,U,81
037,Laptop,rgb,D,C,82
037,Laptop,rgb,D,D,89
037,Laptop,rgb,D,E,86
037,Laptop,rgb,D,F,96
037,Laptop,rgb,D,T,80
037,Laptop,rgb,D,U,77
037,Monitor,rgb,D,C,67
037,Monitor,rgb,D,D,60
037,Monitor,rgb,D,E,82
037,Monitor,rgb,D,S,67
037,Monitor,rgb,D,U,63
038,Laptop,rgb,D,C,89
038,Laptop,rgb,D,D,78
038,Laptop,rgb,D,E,79
038,Laptop,rgb,D,F,70
038,Laptop,rgb,D,T,66
038,Laptop,rgb,D,U,52
038,Monitor,rgb,D,C,59
038,Monitor,rgb,D,D,52
038,Monitor,rgb,D,E,57
038,Monitor,rgb,D,S,53
038,Monitor,rgb,D,U,63
039,Laptop,rgb,D,C,91
039,Laptop,rgb,D,D,102
039,Laptop,rgb,D,E,84
039,Laptop,rgb,D,F,67
039,Laptop,rgb,D,T,79
039,Laptop,rgb,D,U,92
039,Monitor,rgb,D,C,75
039,Monitor,rgb,D,D,75
039,Monitor,rgb,D,E,80
039,Monitor,rgb,D,S,85
039,Monitor,rgb,D,U,83
040,Laptop,rgb,D,C,87
040,Laptop,rgb,D,D,102
040,Laptop,rgb,D,E,95
040,Laptop,rgb,D,F,75
040,Laptop,rgb,D,T,91
040,Laptop,rgb,D,U,99
040,Monitor,rgb,D,C,71
040,Monitor,rgb,D,D,85
040,Monitor,rgb,D,E,82
040,Monitor,rgb,D,S,70
040,Monitor,rgb,D,U,85
041,Laptop,rgb,D,C,98
041,Laptop,rgb,D,D,93
041,Laptop,rgb,D,E,101
041,Laptop,rgb,D,F,85
041,Laptop,rgb,D,T,86
041,Laptop,rgb,D,U,88
041,Monitor,rgb,D,C,74
041,Monitor,rgb,D,D,70
041,Monitor,rgb,D,E,97
041,Monitor,rgb,D,S,74
041,Monitor,rgb,D,U,83
042,Laptop,rgb,D,C,80
042,Laptop,rgb,D,D,95
042,Laptop,rgb,D,E,88
042,Laptop,rgb,D,F,60
042,Laptop,rgb,D,T,81
042,Laptop,rgb,D,U,82
042,Monitor,rgb,D,C,47
042,Monitor,rgb,D,D,53
042,Monitor,rgb,D,E,73
042,Monitor,rgb,D,S,12
042,Monitor,rgb,D,U,41
043,Laptop,rgb,D,C,86
043,Laptop,rgb,D,D,87
043,Laptop,rgb,D,E,75
043,Laptop,rgb,D,F,69
043,Laptop,rgb,D,T,94
043,Laptop,rgb,D,U,87
043,Monitor,rgb,D,C,90
043,Monitor,rgb,D,D,75
043,Monitor,rgb,D,E,72
043,Monitor,rgb,D,S,72
043,Monitor,rgb,D,U,77
044,Laptop,rgb,D,C,86
044,Laptop,rgb,D,D,81
044,Laptop,rgb,D,E,73
044,Laptop,rgb,D,F,61
044,Laptop,rgb,D,T,78
044,Laptop,rgb,D,U,84
044,Monitor,rgb,D,C,70
044,Monitor,rgb,D,D,63
044,Monitor,rgb,D,E,73
044,Monitor,rgb,D,S,77
044,Monitor,rgb,D,U,82
045,Laptop,rgb,D,C,77
045,Laptop,rgb,D,D,89
045,Laptop,rgb,D,E,87
045,Laptop,rgb,D,F,77
045,Laptop,rgb,D,T,87
045,Laptop,rgb,D,U,105
045,Monitor,rgb,D,C,70
045,Monitor,rgb,D,D,63
045,Monitor,rgb,D,E,84
045,Monitor,rgb,D,S,75
045,Monitor,rgb,D,U,75
046,Laptop,rgb,D,C,75
046,Laptop,rgb,D,D,84
046,Laptop,rgb,D,E,74
046,Laptop,rgb,D,F,84
046,Laptop,rgb,D,T,87
046,Laptop,rgb,D,U,93
046,Monitor,rgb,D,C,85
046,Monitor,rgb,D,D,74
046,Monitor,rgb,D,E,77
046,Monitor,rgb,D,S,73
046,Monitor,rgb,D,U,80
047,Laptop,rgb,D,C,82
047,Laptop,rgb,D,D,77
047,Laptop,rgb,D,E,69
047,Laptop,rgb,D,F,67
047,Laptop,rgb,D,T,69
047,Laptop,rgb,D,U,78
047,Monitor,rgb,D,C,70
047,Monitor,rgb,D,D,75
047,Monitor,rgb,D,E,60
047,Monitor,rgb,D,S,68
047,Monitor,rgb,D,U,72
048,Laptop,rgb,D,C,83
048,Laptop,rgb,D,D,84
048,Laptop,rgb,D,E,77
048,Laptop,rgb,D,F,65
048,Laptop,rgb,D,T,81
048,Laptop,rgb,D,U,79
048,Monitor,rgb,D,C,74
048,Monitor,rgb,D,D,68
048,Monitor,rgb,D,E,68
048,Monitor,rgb,D,S,63
048,Monitor,rgb,D,U,72
049,Laptop,rgb,D,C,73
049,Laptop,rgb,D,D,59
049,Laptop,rgb,D,E,71
049,Laptop,rgb,D,F,55
049,Laptop,rgb,D,T,82
049,Laptop,rgb,D,U,73
049,Monitor,rgb,D,C,49
049,Monitor,rgb,D,D,54
049,Monitor,rgb,D,E,49
049,Monitor,rgb,D,S,59
049,Monitor,rgb,D,U,45
050,Laptop,rgb,D,C,71
050,Laptop,rgb,D,D,80
050,Laptop,rgb,D,E,84
050,Laptop,rgb,D,F,54
050,Laptop,rgb,D,T,85
050,Laptop,rgb,D,U,65
050,Monitor,rgb,D,C,56
050,Monitor,rgb,D,D,62
050,Monitor,rgb,D,E,69
050,Monitor,rgb,D,S,65
050,Monitor,rgb,D,U,71
051,Laptop,rgb,D,C,87
051,Laptop,rgb,D,D,97
051,Laptop,rgb,D,E,86
051,Laptop,rgb,D,F,70
051,Laptop,rgb,D,T,76
051,Laptop,rgb,D,U,82
051,Monitor,rgb,D,C,81
051,Monitor,rgb,D,D,86
051,Monitor,rgb,D,E,79
051,Monitor,rgb,D,S,83
051,Monitor,rgb,D,U,86
052,Laptop,rgb,D,C,96
052,Laptop,rgb,D,D,96
052,Laptop,rgb,D,E,97
052,Laptop,rgb,D,F,74
052,Laptop,rgb,D,T,84
052,Laptop,rgb,D,U,75
052,Monitor,rgb,D,C,71
052,Monitor,rgb,D,D,77
052,Monitor,rgb,D,E,71
052,Monitor,rgb,D,S,79
052,Monitor,rgb,D,U,74
053,Laptop,rgb,D,C,88
053,Laptop,rgb,D,D,64
053,Laptop,rgb,D,E,99
053,Laptop,rgb,D,F,59
053,Laptop,rgb,D,T,88
053,Laptop,rgb,D,U,80
053,Monitor,rgb,D,C,85
053,Monitor,rgb,D,D,72
053,Monitor,rgb,D,E,86
053,Monitor,rgb,D,U,69
053,Monitor,rgb,D,S,18
054,Laptop,rgb,D,C,63
054,Laptop,rgb,D,D,94
054,Laptop,rgb,D,E,95
054,Laptop,rgb,D,F,88
054,Laptop,rgb,D,T,78
054,Laptop,rgb,D,U,85
054,Monitor,rgb,D,C,68
054,Monitor,rgb,D,D,73
054,Monitor,rgb,D,E,74
054,Monitor,rgb,D,S,93
054,Monitor,rgb,D,U,80
055,Laptop,rgb,D,C,91
055,Laptop,rgb,D,D,91
055,Laptop,rgb,D,E,103
055,Laptop,rgb,D,F,89
055,Laptop,rgb,D,T,90
055,Laptop,rgb,D,U,99
055,Monitor,rgb,D,D,65
055,Monitor,rgb,D,E,75
055,Monitor,rgb,D,S,79
055,Monitor,rgb,D,U,77
055,Monitor,rgb,D,C,48
056,Laptop,rgb,D,C,93
056,Laptop,rgb,D,D,86
056,Laptop,rgb,D,E,95
056,Laptop,rgb,D,F,76
056,Laptop,rgb,D,T,90
056,Laptop,rgb,D,U,86
056,Monitor,rgb,D,C,61
056,Monitor,rgb,D,E,62
056,Monitor,rgb,D,S,69
056,Monitor,rgb,D,U,68
056,Monitor,rgb,D,D,45
057,Laptop,rgb,D,C,93
057,Laptop,rgb,D,D,90
057,Laptop,rgb,D,E,77
057,Laptop,rgb,D,F,81
057,Laptop,rgb,D,T,93
057,Laptop,rgb,D,U,81
057,Monitor,rgb,D,C,90
057,Monitor,rgb,D,D,83
057,Monitor,rgb,D,E,75
057,Monitor,rgb,D,S,92
057,Monitor,rgb,D,U,92
058,Laptop,rgb,D,C,94
058,Laptop,rgb,D,D,101
058,Laptop,rgb,D,E,76
058,Laptop,rgb,D,F,85
058,Laptop,rgb,D,T,85
058,Laptop,rgb,D,U,88
058,Monitor,rgb,D,C,77
058,Monitor,rgb,D,D,63
058,Monitor,rgb,D,E,73
058,Monitor,rgb,D,S,83
058,Monitor,rgb,D,U,86
059,Laptop,rgb,D,C,95
059,Laptop,rgb,D,D,88
059,Laptop,rgb,D,E,91
059,Laptop,rgb,D,F,100
059,Laptop,rgb,D,T,84
059,Laptop,rgb,D,U,91
059,Monitor,rgb,D,S,54
059,Monitor,rgb,D,U,73
059,Monitor,rgb,D,C,55
059,Monitor,rgb,D,D,49
059,Monitor,rgb,D,E,52
060,Laptop,rgb,D,C,113
060,Laptop,rgb,D,D,89
060,Laptop,rgb,D,E,102
060,Laptop,rgb,D,F,86
060,Laptop,rgb,D,T,87
060,Laptop,rgb,D,U,95
060,Monitor,rgb,D,C,89
060,Monitor,rgb,D,D,80
060,Monitor,rgb,D,E,80
060,Monitor,rgb,D,S,79
060,Monitor,rgb,D,U,74
061,Laptop,rgb,D,C,79
061,Laptop,rgb,D,D,84
061,Laptop,rgb,D,E,92
061,Laptop,rgb,D,F,89
061,Laptop,rgb,D,T,88
061,Laptop,rgb,D,U,81
061,Monitor,rgb,D,C,77
061,Monitor,rgb,D,D,86
061,Monitor,rgb,D,E,67
061,Monitor,rgb,D,S,60
061,Monitor,rgb,D,U,88
062,Laptop,rgb,D,C,97
062,Laptop,rgb,D,D,105
062,Laptop,rgb,D,E,103
062,Laptop,rgb,D,F,82
062,Laptop,rgb,D,T,98
062,Laptop,rgb,D,U,91
062,Monitor,rgb,D,C,71
062,Monitor,rgb,D,D,72
062,Monitor,rgb,D,E,81
062,Monitor,rgb,D,S,80
062,Monitor,rgb,D,U,79
063,Laptop,rgb,D,C,92
063,Laptop,rgb,D,D,93
063,Laptop,rgb,D,E,84
063,Laptop,rgb,D,F,78
063,Laptop,rgb,D,T,91
063,Laptop,rgb,D,U,72
063,Monitor,rgb,D,C,86
063,Monitor,rgb,D,D,103
063,Monitor,rgb,D,E,72
063,Monitor,rgb,D,S,76
063,Monitor,rgb,D,U,70
064,Laptop,rgb,D,C,90
064,Laptop,rgb,D,D,86
064,Laptop,rgb,D,E,85
064,Laptop,rgb,D,F,90
064,Laptop,rgb,D,T,94
064,Laptop,rgb,D,U,83
064,Monitor,rgb,D,C,82
064,Monitor,rgb,D,D,77
064,Monitor,rgb,D,E,76
064,Monitor,rgb,D,S,87
064,Monitor,rgb,D,U,90
065,Laptop,rgb,D,C,95
065,Laptop,rgb,D,D,101
065,Laptop,rgb,D,E,93
065,Laptop,rgb,D,F,86
065,Laptop,rgb,D,T,78
065,Laptop,rgb,D,U,81
065,Monitor,rgb,D,C,83
065,Monitor,rgb,D,D,79
065,Monitor,rgb,D,E,92
065,Monitor,rgb,D,S,81
065,Monitor,rgb,D,U,87
066,Laptop,rgb,D,C,93
066,Laptop,rgb,D,D,90
066,Laptop,rgb,D,E,81
066,Laptop,rgb,D,F,87
066,Laptop,rgb,D,T,83
066,Laptop,rgb,D,U,82
066,Monitor,rgb,D,C,93
066,Monitor,rgb,D,D,59
066,Monitor,rgb,D,E,76
066,Monitor,rgb,D,S,83
066,Monitor,rgb,D,U,76
067,Laptop,rgb,D,C,74
067,Laptop,rgb,D,D,91
067,Laptop,rgb,D,E,91
067,Laptop,rgb,D,F,73
067,Laptop,rgb,D,T,99
067,Laptop,rgb,D,U,90
067,Monitor,rgb,D,C,84
067,Monitor,rgb,D,D,77
067,Monitor,rgb,D,E,90
067,Monitor,rgb,D,S,86
067,Monitor,rgb,D,U,84
068,Laptop,rgb,D,C,80
068,Laptop,rgb,D,D,101
068,Laptop,rgb,D,E,78
068,Laptop,rgb,D,F,73
068,Laptop,rgb,D,T,91
068,Laptop,rgb,D,U,98
068,Monitor,rgb,D,C,86
068,Monitor,rgb,D,D,75
068,Monitor,rgb,D,E,78
068,Monitor,rgb,D,S,77
068,Monitor,rgb,D,U,101
069,Laptop,rgb,D,C,87
069,Laptop,rgb,D,D,101
069,Laptop,rgb,D,E,78
069,Laptop,rgb,D,F,89
069,Laptop,rgb,D,T,84
069,Laptop,rgb,D,U,94
069,Monitor,rgb,D,C,82
069,Monitor,rgb,D,D,72
069,Monitor,rgb,D,E,66
069,Monitor,rgb,D,S,71
069,Monitor,rgb,D,U,79
070,Laptop,rgb,D,C,82
070,Laptop,rgb,D,D,90
070,Laptop,rgb,D,E,84
070,Laptop,rgb,D,F,94
070,Laptop,rgb,D,T,90
070,Laptop,rgb,D,U,96
070,Monitor,rgb,D,C,88
070,Monitor,rgb,D,D,71
070,Monitor,rgb,D,E,82
070,Monitor,rgb,D,S,75
070,Monitor,rgb,D,U,77
071,Laptop,rgb,D,C,54
071,Laptop,rgb,D,D,84
071,Laptop,rgb,D,E,87
071,Laptop,rgb,D,F,92
071,Laptop,rgb,D,T,92
071,Laptop,rgb,D,U,103
071,Monitor,rgb,D,C,67
071,Monitor,rgb,D,D,90
071,Monitor,rgb,D,E,84
071,Monitor,rgb,D,S,81
071,Monitor,rgb,D,U,86
072,Laptop,rgb,D,C,77
072,Laptop,rgb,D,D,64
072,Laptop,rgb,D,E,81
072,Laptop,rgb,D,F,87
072,Laptop,rgb,D,T,83
072,Laptop,rgb,D,U,107
072,Monitor,rgb,D,C,85
072,Monitor,rgb,D,D,72
072,Monitor,rgb,D,E,74
072,Monitor,rgb,D,S,71
072,Monitor,rgb,D,U,69
073,Laptop,rgb,D,C,85
073,Laptop,rgb,D,D,81
073,Laptop,rgb,D,E,94
073,Laptop,rgb,D,F,70
073,Laptop,rgb,D,T,83
073,Laptop,rgb,D,U,83
073,Monitor,rgb,D,C,103
073,Monitor,rgb,D,D,70
073,Monitor,rgb,D,E,82
073,Monitor,rgb,D,S,73
073,Monitor,rgb,D,U,79
074,Laptop,rgb,D,C,84
074,Laptop,rgb,D,D,89
074,Laptop,rgb,D,E,83
074,Laptop,rgb,D,F,81
074,Laptop,rgb,D,T,81
074,Laptop,rgb,D,U,96
074,Monitor,rgb,D,C,76
074,Monitor,rgb,D,D,89
074,Monitor,rgb,D,E,71
074,Monitor,rgb,D,S,70
074,Monitor,rgb,D,U,77
075,Laptop,rgb,D,C,62
075,Laptop,rgb,D,D,90
075,Laptop,rgb,D,E,87
075,Laptop,rgb,D,F,85
075,Laptop,rgb,D,T,86
075,Laptop,rgb,D,U,82
075,Monitor,rgb,D,C,88
075,Monitor,rgb,D,D,64
075,Monitor,rgb,D,E,79
075,Monitor,rgb,D,S,99
075,Monitor,rgb,D,U,86
076,Laptop,rgb,D,C,86
076,Laptop,rgb,D,D,82
076,Laptop,rgb,D,E,86
076,Laptop,rgb,D,F,93
076,Laptop,rgb,D,T,95
076,Laptop,rgb,D,U,93
076,Monitor,rgb,D,C,84
076,Monitor,rgb,D,D,69
076,Monitor,rgb,D,E,71
076,Monitor,rgb,D,S,82
076,Monitor,rgb,D,U,92
077,Laptop,rgb,D,C,78
077,Laptop,rgb,D,D,82
077,Laptop,rgb,D,E,92
077,Laptop,rgb,D,F,81
077,Laptop,rgb,D,T,99
077,Laptop,rgb,D,U,87
077,Monitor,rgb,D,C,81
077,Monitor,rgb,D,D,76
077,Monitor,rgb,D,E,91
077,Monitor,rgb,D,S,88
077,Monitor,rgb,D,U,63
078,Laptop,rgb,D,C,83
078,Laptop,rgb,D,D,100
078,Laptop,rgb,D,E,91
078,Laptop,rgb,D,F,103
078,Laptop,rgb,D,T,82
078,Laptop,rgb,D,U,92
078,Monitor,rgb,D,C,57
078,Monitor,rgb,D,D,64
078,Monitor,rgb,D,E,71
078,Monitor,rgb,D,S,69
078,Monitor,rgb,D,U,55
079,Laptop,rgb,D,C,91
079,Laptop,rgb,D,D,73
079,Laptop,rgb,D,E,95
079,Laptop,rgb,D,F,72
079,Laptop,rgb,D,T,95
079,Laptop,rgb,D,U,84
079,Monitor,rgb,D,C,79
079,Monitor,rgb,D,D,82
079,Monitor,rgb,D,E,71
079,Monitor,rgb,D,S,70
079,Monitor,rgb,D,U,83
080,Laptop,rgb,D,C,75
080,Laptop,rgb,D,D,90
080,Laptop,rgb,D,E,96
080,Laptop,rgb,D,F,91
080,Laptop,rgb,D,T,90
080,Laptop,rgb,D,U,98
080,Monitor,rgb,D,C,85
080,Monitor,rgb,D,D,84
080,Monitor,rgb,D,E,78
080,Monitor,rgb,D,S,81
080,Monitor,rgb,D,U,71
081,Laptop,rgb,D,C,87
081,Laptop,rgb,D,D,97
081,Laptop,rgb,D,E,63
081,Laptop,rgb,D,F,78
081,Laptop,rgb,D,T,80
081,Laptop,rgb,D,U,73
081,Monitor,rgb,D,C,77
081,Monitor,rgb,D,D,62
081,Monitor,rgb,D,E,92
081,Monitor,rgb,D,S,76
081,Monitor,rgb,D,U,74
082,Laptop,rgb,D,C,88
082,Laptop,rgb,D,D,75
082,Laptop,rgb,D,E,93
082,Laptop,rgb,D,F,104
082,Laptop,rgb,D,T,109
082,Laptop,rgb,D,U,86
082,Monitor,rgb,D,C,85
082,Monitor,rgb,D,D,79
082,Monitor,rgb,D,E,80
082,Monitor,rgb,D,U,92
083,Laptop,rgb,D,C,101
083,Laptop,rgb,D,D,89
083,Laptop,rgb,D,E,82
083,Laptop,rgb,D,F,79
083,Laptop,rgb,D,T,81
083,Laptop,rgb,D,U,100
083,Monitor,rgb,D,C,87
083,Monitor,rgb,D,D,89
083,Monitor,rgb,D,E,84
083,Monitor,rgb,D,S,83
083,Monitor,rgb,D,U,79
084,Laptop,rgb,D,C,84
084,Laptop,rgb,D,D,80
084,Laptop,rgb,D,E,92
084,Laptop,rgb,D,F,83
084,Laptop,rgb,D,T,96
084,Laptop,rgb,D,U,95
084,Monitor,rgb,D,C,88
084,Monitor,rgb,D,D,73
084,Monitor,rgb,D,E,68
084,Monitor,rgb,D,S,81
084,Monitor,rgb,D,U,94
085,Laptop,rgb,D,C,89
085,Laptop,rgb,D,D,92
085,Laptop,rgb,D,E,100
085,Laptop,rgb,D,F,91
085,Laptop,rgb,D,T,78
085,Laptop,rgb,D,U,81
085,Monitor,rgb,D,C,93
085,Monitor,rgb,D,D,67
085,Monitor,rgb,D,E,82
085,Monitor,rgb,D,S,86
085,Monitor,rgb,D,U,83
086,Laptop,rgb,D,C,77
086,Laptop,rgb,D,D,78
086,Laptop,rgb,D,E,84
086,Laptop,rgb,D,F,70
086,Laptop,rgb,D,T,75
086,Laptop,rgb,D,U,80
086,Monitor,rgb,D,C,85
086,Monitor,rgb,D,D,89
086,Monitor,rgb,D,E,87
086,Monitor,rgb,D,S,83
086,Monitor,rgb,D,U,99
087,Laptop,rgb,D,C,100
087,Laptop,rgb,D,D,99
087,Laptop,rgb,D,E,82
087,Laptop,rgb,D,F,82
087,Laptop,rgb,D,T,90
087,Laptop,rgb,D,U,95
087,Monitor,rgb,D,C,75
087,Monitor,rgb,D,D,82
087,Monitor,rgb,D,E,89
087,Monitor,rgb,D,S,87
087,Monitor,rgb,D,U,74
088,Laptop,rgb,D,C,94
088,Laptop,rgb,D,D,77
088,Laptop,rgb,D,E,98
088,Laptop,rgb,D,F,85
088,Laptop,rgb,D,T,90
088,Laptop,rgb,D,U,94
088,Monitor,rgb,D,C,73
088,Monitor,rgb,D,D,84
088,Monitor,rgb,D,E,69
088,Monitor,rgb,D,S,66
088,Monitor,rgb,D,U,75
089,Laptop,rgb,D,C,90
089,Laptop,rgb,D,D,96
089,Laptop,rgb,D,E,87
089,Laptop,rgb,D,F,106
089,Laptop,rgb,D,T,92
089,Laptop,rgb,D,U,100
089,Monitor,rgb,D,C,81
089,Monitor,rgb,D,D,79
089,Monitor,rgb,D,E,74
089,Monitor,rgb,D,S,82
089,Monitor,rgb,D,U,91
090,Laptop,rgb,D,C,91
090,Laptop,rgb,D,D,90
090,Laptop,rgb,D,E,86
090,Laptop,rgb,D,F,102
090,Laptop,rgb,D,T,98
090,Laptop,rgb,D,U,61
090,Monitor,rgb,D,C,56
090,Monitor,rgb,D,D,77
090,Monitor,rgb,D,E,69
090,Monitor,rgb,D,S,74
090,Monitor,rgb,D,U,77
090,Monitor,rgb,D,T,32
091,Laptop,rgb,D,C,80
091,Laptop,rgb,D,D,92
091,Laptop,rgb,D,E,93
091,Laptop,rgb,D,F,89
091,Laptop,rgb,D,T,102
091,Laptop,rgb,D,U,83
091,Monitor,rgb,D,C,78
091,Monitor,rgb,D,D,73
091,Monitor,rgb,D,E,79
091,Monitor,rgb,D,S,60
091,Monitor,rgb,D,U,73
092,Laptop,rgb,D,C,91
092,Laptop,rgb,D,D,93
092,Laptop,rgb,D,E,79
092,Laptop,rgb,D,F,85
092,Laptop,rgb,D,T,88
092,Laptop,rgb,D,U,102
092,Monitor,rgb,D,C,82
092,Monitor,rgb,D,D,75
092,Monitor,rgb,D,E,93
092,Monitor,rgb,D,S,90
092,Monitor,rgb,D,U,73
093,Laptop,rgb,D,C,87
093,Laptop,rgb,D,D,98
093,Laptop,rgb,D,E,99
093,Laptop,rgb,D,F,91
093,Laptop,rgb,D,T,102
093,Laptop,rgb,D,U,88
093,Monitor,rgb,D,C,74
093,Monitor,rgb,D,D,81
093,Monitor,rgb,D,E,67
093,Monitor,rgb,D,S,56
093,Monitor,rgb,D,U,82
094,Laptop,rgb,D,C,95
094,Laptop,rgb,D,D,106
094,Laptop,rgb,D,E,98
094,Laptop,rgb,D,F,94
094,Laptop,rgb,D,T,87
094,Laptop,rgb,D,U,70
094,Monitor,rgb,D,C,95
094,Monitor,rgb,D,D,70
094,Monitor,rgb,D,E,85
094,Monitor,rgb,D,S,70
094,Monitor,rgb,D,U,71
095,Laptop,rgb,D,C,88
095,Laptop,rgb,D,D,91
095,Laptop,rgb,D,E,105
095,Laptop,rgb,D,F,79
095,Laptop,rgb,D,T,88
095,Laptop,rgb,D,U,88
095,Monitor,rgb,D,C,90
095,Monitor,rgb,D,D,74
095,Monitor,rgb,D,E,78
095,Monitor,rgb,D,S,83
095,Monitor,rgb,D,U,97
096,Laptop,rgb,D,C,87
096,Laptop,rgb,D,D,75
096,Laptop,rgb,D,E,103
096,Laptop,rgb,D,F,96
096,Laptop,rgb,D,T,84
096,Laptop,rgb,D,U,90
096,Monitor,rgb,D,C,62
096,Monitor,rgb,D,D,82
096,Monitor,rgb,D,E,78
096,Monitor,rgb,D,S,84
096,Monitor,rgb,D,U,72
097,Laptop,rgb,D,C,86
097,Laptop,rgb,D,D,91
097,Laptop,rgb,D,E,97
097,Laptop,rgb,D,F,85
097,Laptop,rgb,D,T,105
097,Laptop,rgb,D,U,93
097,Monitor,rgb,D,C,79
097,Monitor,rgb,D,D,73
097,Monitor,rgb,D,E,73
097,Monitor,rgb,D,S,72
097,Monitor,rgb,D,U,94
098,Laptop,rgb,D,C,80
098,Laptop,rgb,D,D,84
098,Laptop,rgb,D,E,88
098,Laptop,rgb,D,F,96
098,Laptop,rgb,D,T,90
098,Laptop,rgb,D,U,81
098,Monitor,rgb,D,C,78
098,Monitor,rgb,D,D,72
098,Monitor,rgb,D,E,76
098,Monitor,rgb,D,S,95
098,Monitor,rgb,D,U,79
099,Laptop,rgb,D,C,90
099,Laptop,rgb,D,D,83
099,Laptop,rgb,D,E,104
099,Laptop,rgb,D,F,83
099,Laptop,rgb,D,T,99
099,Laptop,rgb,D,U,88
099,Monitor,rgb,D,C,85
099,Monitor,rgb,D,D,85
099,Monitor,rgb,D,E,78
099,Monitor,rgb,D,S,91
099,Monitor,rgb,D,U,82
100,Laptop,rgb,D,C,77
100,Laptop,rgb,D,D,105
100,Laptop,rgb,D,E,104
100,Laptop,rgb,D,F,90
100,Laptop,rgb,D,T,102
100,Laptop,rgb,D,U,92
100,Monitor,rgb,D,C,79
100,Monitor,rgb,D,D,94
100,Monitor,rgb,D,E,76
100,Monitor,rgb,D,S,81
100,Monitor,rgb,D,U,85
101,Laptop,rgb,D,C,96
101,Laptop,rgb,D,D,83
101,Laptop,rgb,D,E,81
101,Laptop,rgb,D,F,78
101,Laptop,rgb,D,T,84
101,Laptop,rgb,D,U,102
101,Monitor,rgb,D,C,83
101,Monitor,rgb,D,D,91
101,Monitor,rgb,D,E,85
101,Monitor,rgb,D,S,79
101,Monitor,rgb,D,U,93
102,Laptop,rgb,D,C,97
102,Laptop,rgb,D,D,96
102,Laptop,rgb,D,E,101
102,Laptop,rgb,D,F,100
102,Laptop,rgb,D,T,84
102,Laptop,rgb,D,U,93
102,Monitor,rgb,D,C,73
102,Monitor,rgb,D,D,76
102,Monitor,rgb,D,E,88
102,Monitor,rgb,D,S,76
102,Monitor,rgb,D,U,64
103,Laptop,rgb,D,C,85
103,Laptop,rgb,D,D,72
103,Laptop,rgb,D,E,102
103,Laptop,rgb,D,F,81
103,Laptop,rgb,D,T,84
103,Laptop,rgb,D,U,85
103,Monitor,rgb,D,C,84
103,Monitor,rgb,D,D,77
103,Monitor,rgb,D,E,80
103,Monitor,rgb,D,S,82
103,Monitor,rgb,D,U,83
104,Laptop,rgb,D,C,95
104,Laptop,rgb,D,D,92
104,Laptop,rgb,D,E,88
104,Laptop,rgb,D,F,75
104,Laptop,rgb,D,T,82
104,Laptop,rgb,D,U,87
104,Monitor,rgb,D,C,72
104,Monitor,rgb,D,D,66
104,Monitor,rgb,D,E,72
104,Monitor,rgb,D,S,71
104,Monitor,rgb,D,U,84
105,Laptop,rgb,D,C,83
105,Laptop,rgb,D,D,83
105,Laptop,rgb,D,E,110
105,Laptop,rgb,D,F,92
105,Laptop,rgb,D,T,82
105,Laptop,rgb,D,U,113
105,Monitor,rgb,D,C,84
105,Monitor,rgb,D,D,85
105,Monitor,rgb,D,E,73
105,Monitor,rgb,D,S,76
105,Monitor,rgb,D,U,85
106,Laptop,rgb,D,C,93
106,Laptop,rgb,D,D,82
106,Laptop,rgb,D,E,78
106,Laptop,rgb,D,F,89
106,Laptop,rgb,D,T,96
106,Laptop,rgb,D,U,87
106,Monitor,rgb,D,C,96
106,Monitor,rgb,D,D,84
106,Monitor,rgb,D,E,92
106,Monitor,rgb,D,S,93
106,Monitor,rgb,D,U,86
107,Laptop,rgb,D,C,84
107,Laptop,rgb,D,D,95
107,Laptop,rgb,D,E,104
107,Laptop,rgb,D,F,91
107,Laptop,rgb,D,T,95
107,Laptop,rgb,D,U,105
107,Monitor,rgb,D,C,86
107,Monitor,rgb,D,D,78
107,Monitor,rgb,D,E,85
107,Monitor,rgb,D,S,69
107,Monitor,rgb,D,U,96
108,Laptop,rgb,D,C,87
108,Laptop,rgb,D,D,88
108,Laptop,rgb,D,E,82
108,Laptop,rgb,D,F,80
108,Laptop,rgb,D,T,96
108,Laptop,rgb,D,U,102
108,Monitor,rgb,D,C,72
108,Monitor,rgb,D,D,70
108,Monitor,rgb,D,E,83
108,Monitor,rgb,D,S,87
108,Monitor,rgb,D,U,85
109,Laptop,rgb,D,C,102
109,Laptop,rgb,D,D,102
109,Laptop,rgb,D,E,110
109,Laptop,rgb,D,F,53
109,Laptop,rgb,D,T,85
109,Laptop,rgb,D,U,86
109,Monitor,rgb,D,C,77
109,Monitor,rgb,D,D,72
109,Monitor,rgb,D,E,75
109,Monitor,rgb,D,S,69
109,Monitor,rgb,D,U,80
110,Laptop,rgb,D,C,91
110,Laptop,rgb,D,D,71
110,Laptop,rgb,D,E,90
110,Laptop,rgb,D,F,93
110,Laptop,rgb,D,T,76
110,Laptop,rgb,D,U,83
110,Monitor,rgb,D,C,93
110,Monitor,rgb,D,D,77
110,Monitor,rgb,D,E,82
110,Monitor,rgb,D,S,95
110,Monitor,rgb,D,U,74
111,Laptop,rgb,D,C,81
111,Laptop,rgb,D,D,91
111,Laptop,rgb,D,E,98
111,Laptop,rgb,D,F,92
111,Laptop,rgb,D,T,94
111,Laptop,rgb,D,U,93
111,Monitor,rgb,D,C,65
111,Monitor,rgb,D,D,73
111,Monitor,rgb,D,E,89
111,Monitor,rgb,D,S,88
111,Monitor,rgb,D,U,85
112,Laptop,rgb,D,C,83
112,Laptop,rgb,D,D,111
112,Laptop,rgb,D,E,83
112,Laptop,rgb,D,F,95
112,Laptop,rgb,D,T,94
112,Laptop,rgb,D,U,83
112,Monitor,rgb,D,C,73
112,Monitor,rgb,D,D,65
112,Monitor,rgb,D,E,90
112,Monitor,rgb,D,S,73
112,Monitor,rgb,D,U,93
113,Laptop,rgb,D,C,92
113,Laptop,rgb,D,D,95
113,Laptop,rgb,D,E,75
113,Laptop,rgb,D,F,98
113,Laptop,rgb,D,T,81
113,Laptop,rgb,D,U,77
113,Monitor,rgb,D,C,85
113,Monitor,rgb,D,D,69
113,Monitor,rgb,D,E,79
113,Monitor,rgb,D,S,77
113,Monitor,rgb,D,U,95
114,Laptop,rgb,D,C,99
114,Laptop,rgb,D,D,84
114,Laptop,rgb,D,E,90
114,Laptop,rgb,D,F,87
114,Laptop,rgb,D,T,87
114,Laptop,rgb,D,U,79
114,Monitor,rgb,D,C,91
114,Monitor,rgb,D,D,95
114,Monitor,rgb,D,E,80
114,Monitor,rgb,D,S,93
114,Monitor,rgb,D,U,77
115,Laptop,rgb,D,C,73
115,Laptop,rgb,D,D,95
115,Laptop,rgb,D,E,96
115,Laptop,rgb,D,F,60
115,Laptop,rgb,D,T,76
115,Laptop,rgb,D,U,94
115,Monitor,rgb,D,C,68
115,Monitor,rgb,D,D,83
115,Monitor,rgb,D,E,81
115,Monitor,rgb,D,S,87
115,Monitor,rgb,D,U,82
116,Laptop,rgb,D,C,88
116,Laptop,rgb,D,D,93
116,Laptop,rgb,D,E,97
116,Laptop,rgb,D,F,81
116,Laptop,rgb,D,T,91
116,Laptop,rgb,D,U,90
116,Monitor,rgb,D,C,72
116,Monitor,rgb,D,D,80
116,Monitor,rgb,D,E,78
116,Monitor,rgb,D,S,73
116,Monitor,rgb,D,U,74
117,Laptop,rgb,D,C,92
117,Laptop,rgb,D,D,87
117,Laptop,rgb,D,E,79
117,Laptop,rgb,D,F,74
117,Laptop,rgb,D,T,84
117,Laptop,rgb,D,U,85
117,Monitor,rgb,D,C,84
117,Monitor,rgb,D,D,72
117,Monitor,rgb,D,E,81
117,Monitor,rgb,D,S,83
117,Monitor,rgb,D,U,74
118,Laptop,rgb,D,C,105
118,Laptop,rgb,D,D,89
118,Laptop,rgb,D,E,89
118,Laptop,rgb,D,F,80
118,Laptop,rgb,D,T,88
118,Laptop,rgb,D,U,81
118,Monitor,rgb,D,C,75
118,Monitor,rgb,D,D,80
118,Monitor,rgb,D,E,82
118,Monitor,rgb,D,S,93
118,Monitor,rgb,D,U,73
119,Laptop,rgb,D,C,80
119,Laptop,rgb,D,D,83
119,Laptop,rgb,D,E,91
119,Laptop,rgb,D,F,82
119,Laptop,rgb,D,T,82
119,Laptop,rgb,D,U,102
119,Monitor,rgb,D,C,80
119,Monitor,rgb,D,D,72
119,Monitor,rgb,D,E,74
119,Monitor,rgb,D,S,71
119,Monitor,rgb,D,U,73
120,Laptop,rgb,D,C,87
120,Laptop,rgb,D,D,89
120,Laptop,rgb,D,E,104
120,Laptop,rgb,D,F,78
120,Laptop,rgb,D,T,83
120,Laptop,rgb,D,U,87
120,Monitor,rgb,D,C,82
120,Monitor,rgb,D,D,80
120,Monitor,rgb,D,E,80
120,Monitor,rgb,D,S,96
120,Monitor,rgb,D,U,71
121,Laptop,rgb,D,C,102
121,Laptop,rgb,D,D,92
121,Laptop,rgb,D,E,91
121,Laptop,rgb,D,F,83
121,Laptop,rgb,D,T,76
121,Laptop,rgb,D,U,92
121,Monitor,rgb,D,C,79
121,Monitor,rgb,D,D,78
121,Monitor,rgb,D,E,81
121,Monitor,rgb,D,S,97
121,Monitor,rgb,D,U,75
122,Laptop,rgb,D,C,77
122,Laptop,rgb,D,D,94
122,Laptop,rgb,D,E,86
122,Laptop,rgb,D,F,67
122,Laptop,rgb,D,T,100
122,Laptop,rgb,D,U,100
122,Monitor,rgb,D,C,71
122,Monitor,rgb,D,D,69
122,Monitor,rgb,D,E,74
122,Monitor,rgb,D,S,79
122,Monitor,rgb,D,U,79
123,Laptop,rgb,D,C,84
123,Laptop,rgb,D,D,90
123,Laptop,rgb,D,E,94
123,Laptop,rgb,D,F,81
123,Laptop,rgb,D,T,76
123,Laptop,rgb,D,U,84
123,Monitor,rgb,D,C,67
123,Monitor,rgb,D,D,68
123,Monitor,rgb,D,E,75
123,Monitor,rgb,D,S,77
123,Monitor,rgb,D,U,85
124,Laptop,rgb,D,C,100
124,Laptop,rgb,D,D,84
124,Laptop,rgb,D,E,94
124,Laptop,rgb,D,F,82
124,Laptop,rgb,D,T,82
124,Laptop,rgb,D,U,96
124,Monitor,rgb,D,C,77
124,Monitor,rgb,D,D,91
124,Monitor,rgb,D,E,92
124,Monitor,rgb,D,S,89
124,Monitor,rgb,D,U,86
125,Laptop,rgb,D,C,97
125,Laptop,rgb,D,D,87
125,Laptop,rgb,D,E,97
125,Laptop,rgb,D,F,95
125,Laptop,rgb,D,T,82
125,Laptop,rgb,D,U,81
125,Monitor,rgb,D,C,76
125,Monitor,rgb,D,D,81
125,Monitor,rgb,D,E,77
125,Monitor,rgb,D,S,84
125,Monitor,rgb,D,U,79
126,Laptop,rgb,D,C,84
126,Laptop,rgb,D,D,91
126,Laptop,rgb,D,E,86
126,Laptop,rgb,D,F,83
126,Laptop,rgb,D,T,98
126,Laptop,rgb,D,U,89
126,Monitor,rgb,D,C,77
126,Monitor,rgb,D,D,90
126,Monitor,rgb,D,E,64
126,Monitor,rgb,D,S,84
126,Monitor,rgb,D,U,68
127,Laptop,rgb,D,C,62
127,Laptop,rgb,D,D,60
127,Laptop,rgb,D,E,64
127,Laptop,rgb,D,F,55
127,Laptop,rgb,D,T,73
127,Laptop,rgb,D,U,60
127,Monitor,rgb,D,C,65
127,Monitor,rgb,D,D,58
127,Monitor,rgb,D,E,64
127,Monitor,rgb,D,S,62
127,Monitor,rgb,D,U,76
128,Laptop,rgb,D,C,107
128,Laptop,rgb,D,D,107
128,Laptop,rgb,D,E,103
128,Laptop,rgb,D,F,93
128,Laptop,rgb,D,T,87
128,Laptop,rgb,D,U,92
128,Monitor,rgb,D,C,80
128,Monitor,rgb,D,D,86
128,Monitor,rgb,D,E,74
128,Monitor,rgb,D,S,91
128,Monitor,rgb,D,U,86
129,Laptop,rgb,D,C,77
129,Laptop,rgb,D,D,92
129,Laptop,rgb,D,E,77
129,Laptop,rgb,D,F,82
129,Laptop,rgb,D,T,99
129,Laptop,rgb,D,U,85
129,Monitor,rgb,D,C,94
129,Monitor,rgb,D,D,77
129,Monitor,rgb,D,E,88
129,Monitor,rgb,D,S,90
129,Monitor,rgb,D,U,82
130,Laptop,rgb,D,C,83
130,Laptop,rgb,D,D,92
130,Laptop,rgb,D,E,98
130,Laptop,rgb,D,F,89
130,Laptop,rgb,D,T,90
130,Laptop,rgb,D,U,90
130,Monitor,rgb,D,C,79
130,Monitor,rgb,D,D,82
130,Monitor,rgb,D,E,71
130,Monitor,rgb,D,S,60
130,Monitor,rgb,D,U,80
131,Laptop,rgb,D,C,95
131,Laptop,rgb,D,D,90
131,Laptop,rgb,D,E,83
131,Laptop,rgb,D,F,87
131,Laptop,rgb,D,T,77
131,Laptop,rgb,D,U,101
131,Monitor,rgb,D,C,71
131,Monitor,rgb,D,D,82
131,Monitor,rgb,D,E,64
131,Monitor,rgb,D,S,79
131,Monitor,rgb,D,U,86
132,Laptop,rgb,D,C,94
132,Laptop,rgb,D,D,103
132,Laptop,rgb,D,E,96
132,Laptop,rgb,D,F,74
132,Laptop,rgb,D,T,95
132,Laptop,rgb,D,U,93
132,Monitor,rgb,D,C,77
132,Monitor,rgb,D,D,76
132,Monitor,rgb,D,E,80
132,Monitor,rgb,D,S,74
132,Monitor,rgb,D,U,73
133,Laptop,rgb,D,C,92
133,Laptop,rgb,D,D,89
133,Laptop,rgb,D,E,80
133,Laptop,rgb,D,F,103
133,Laptop,rgb,D,T,91
133,Laptop,rgb,D,U,81
133,Monitor,rgb,D,C,87
133,Monitor,rgb,D,D,89
133,Monitor,rgb,D,E,84
133,Monitor,rgb,D,S,82
133,Monitor,rgb,D,U,104
134,Laptop,rgb,D,C,85
134,Laptop,rgb,D,D,90
134,Laptop,rgb,D,E,93
134,Laptop,rgb,D,F,83
134,Laptop,rgb,D,T,94
134,Laptop,rgb,D,U,82
134,Monitor,rgb,D,C,78
134,Monitor,rgb,D,D,80
134,Monitor,rgb,D,E,67
134,Monitor,rgb,D,S,82
134,Monitor,rgb,D,U,87
135,Laptop,rgb,D,C,76
135,Laptop,rgb,D,D,96
135,Laptop,rgb,D,E,81
135,Laptop,rgb,D,F,96
135,Laptop,rgb,D,T,68
135,Laptop,rgb,D,U,102
135,Monitor,rgb,D,C,84
135,Monitor,rgb,D,D,83
135,Monitor,rgb,D,E,82
135,Monitor,rgb,D,S,85
135,Monitor,rgb,D,U,81
136,Laptop,rgb,D,C,87
136,Laptop,rgb,D,D,94
136,Laptop,rgb,D,E,77
136,Laptop,rgb,D,F,84
136,Laptop,rgb,D,T,104
136,Laptop,rgb,D,U,86
136,Monitor,rgb,D,C,80
136,Monitor,rgb,D,D,86
136,Monitor,rgb,D,E,94
136,Monitor,rgb,D,S,81
136,Monitor,rgb,D,U,85
137,Laptop,rgb,D,C,81
137,Laptop,rgb,D,D,88
137,Laptop,rgb,D,E,88
137,Laptop,rgb,D,F,91
137,Laptop,rgb,D,T,92
137,Laptop,rgb,D,U,112
137,Monitor,rgb,D,C,81
137,Monitor,rgb,D,D,80
137,Monitor,rgb,D,E,72
137,Monitor,rgb,D,S,83
137,Monitor,rgb,D,U,72
138,Laptop,rgb,D,C,81
138,Laptop,rgb,D,D,79
138,Laptop,rgb,D,E,102
138,Laptop,rgb,D,F,92
138,Laptop,rgb,D,T,91
138,Laptop,rgb,D,U,75
138,Monitor,rgb,D,C,91
138,Monitor,rgb,D,D,80
138,Monitor,rgb,D,E,74
138,Monitor,rgb,D,S,79
138,Monitor,rgb,D,U,85
139,Laptop,rgb,D,C,95
139,Laptop,rgb,D,D,78
139,Laptop,rgb,D,E,88
139,Laptop,rgb,D,F,80
139,Laptop,rgb,D,T,89
139,Laptop,rgb,D,U,114
139,Monitor,rgb,D,C,79
139,Monitor,rgb,D,D,75
139,Monitor,rgb,D,E,79
139,Monitor,rgb,D,S,81
139,Monitor,rgb,D,U,100
140,Laptop,rgb,D,C,83
140,Laptop,rgb,D,D,84
140,Laptop,rgb,D,E,92
140,Laptop,rgb,D,F,94
140,Laptop,rgb,D,T,72
140,Laptop,rgb,D,U,91
140,Monitor,rgb,D,C,83
140,Monitor,rgb,D,D,74
140,Monitor,rgb,D,E,78
140,Monitor,rgb,D,S,79
140,Monitor,rgb,D,U,71
141,Laptop,rgb,D,C,95
141,Laptop,rgb,D,D,94
141,Laptop,rgb,D,E,94
141,Laptop,rgb,D,F,94
141,Laptop,rgb,D,T,97
141,Laptop,rgb,D,U,100
141,Monitor,rgb,D,C,77
141,Monitor,rgb,D,D,86
141,Monitor,rgb,D,E,75
141,Monitor,rgb,D,S,69
141,Monitor,rgb,D,U,76
142,Laptop,rgb,D,C,88
142,Laptop,rgb,D,E,91
142,Laptop,rgb,D,F,84
142,Laptop,rgb,D,S,81
142,Laptop,rgb,D,T,82
142,Laptop,rgb,D,U,97
142,Monitor,rgb,D,C,79
142,Monitor,rgb,D,D,76
142,Monitor,rgb,D,E,81
142,Monitor,rgb,D,S,74
142,Monitor,rgb,D,U,60
143,Laptop,rgb,D,C,81
143,Laptop,rgb,D,D,93
143,Laptop,rgb,D,E,91
143,Laptop,rgb,D,F,102
143,Laptop,rgb,D,T,99
143,Laptop,rgb,D,U,100
143,Monitor,rgb,D,C,81
143,Monitor,rgb,D,D,78
143,Monitor,rgb,D,E,77
143,Monitor,rgb,D,S,77
143,Monitor,rgb,D,U,80
144,Laptop,rgb,D,C,99
144,Laptop,rgb,D,D,79
144,Laptop,rgb,D,E,98
144,Laptop,rgb,D,F,91
144,Laptop,rgb,D,T,83
144,Laptop,rgb,D,U,85
144,Monitor,rgb,D,C,75
144,Monitor,rgb,D,D,85
144,Monitor,rgb,D,E,78
144,Monitor,rgb,D,S,74
144,Monitor,rgb,D,U,82
145,Laptop,rgb,D,C,97
145,Laptop,rgb,D,D,83
145,Laptop,rgb,D,E,76
145,Laptop,rgb,D,F,97
145,Laptop,rgb,D,T,102
145,Laptop,rgb,D,U,96
145,Monitor,rgb,D,C,75
145,Monitor,rgb,D,D,83
145,Monitor,rgb,D,E,76
145,Monitor,rgb,D,S,77
145,Monitor,rgb,D,U,83
146,Laptop,rgb,D,C,91
146,Laptop,rgb,D,D,86
146,Laptop,rgb,D,E,97
146,Laptop,rgb,D,F,95
146,Laptop,rgb,D,T,93
146,Laptop,rgb,D,U,107
146,Monitor,rgb,D,C,77
146,Monitor,rgb,D,D,81
146,Monitor,rgb,D,E,58
146,Monitor,rgb,D,S,76
146,Monitor,rgb,D,U,77
147,Laptop,rgb,D,C,83
147,Laptop,rgb,D,D,75
147,Laptop,rgb,D,E,58
147,Laptop,rgb,D,F,80
147,Laptop,rgb,D,T,86
147,Laptop,rgb,D,U,92
147,Monitor,rgb,D,C,72
147,Monitor,rgb,D,D,78
147,Monitor,rgb,D,E,85
147,Monitor,rgb,D,S,84
147,Monitor,rgb,D,U,101
148,Laptop,rgb,D,C,107
148,Laptop,rgb,D,D,121
148,Laptop,rgb,D,E,131
148,Laptop,rgb,D,F,90
148,Laptop,rgb,D,T,108
148,Laptop,rgb,D,U,98
148,Monitor,rgb,D,C,98
148,Monitor,rgb,D,D,94
148,Monitor,rgb,D,E,81
148,Monitor,rgb,D,S,89
148,Monitor,rgb,D,U,92
